path,class_name,width,height,mode,size_kb,label,pred_label,pred_class,confidence
PlantVillage\Tomato__Target_Spot\5269fb23-1ba8-48af-82f4-8c2898f26bec___Com.G_TgS_FL 9694.JPG,Tomato__Target_Spot,256,256,RGB,19.046875,11,10,Tomato_Spider_mites_Two_spotted_spider_mite,0.9296717
PlantVillage\Tomato_Early_blight\7763d482-8290-46f4-83aa-edb87ae15297___RS_Erly.B 7766.JPG,Tomato_Early_blight,256,256,RGB,17.083984375,6,11,Tomato__Target_Spot,0.9118656
PlantVillage\Potato___Late_blight\749a1b32-7152-4dce-87b4-92af094f6b9b___RS_LB 3310.JPG,Potato___Late_blight,256,256,RGB,19.7451171875,3,4,Potato___healthy,0.8530734
PlantVillage\Tomato_Late_blight\5ced2ede-33df-44e7-8063-a27ad667cd1a___RS_Late.B 6721.JPG,Tomato_Late_blight,256,256,RGB,15.75,7,3,Potato___Late_blight,0.8181704
PlantVillage\Tomato_Septoria_leaf_spot\b04e656c-6443-4fb8-bd50-fc8a67d6cb13___Keller.St_CG 1865.JPG,Tomato_Septoria_leaf_spot,256,256,RGB,12.689453125,9,7,Tomato_Late_blight,0.8135628
PlantVillage\Tomato_Early_blight\9305f21d-4558-49ae-b831-a7a1a4d399c2___RS_Erly.B 7417.JPG,Tomato_Early_blight,256,256,RGB,15.755859375,6,7,Tomato_Late_blight,0.79034483
PlantVillage\Tomato_Spider_mites_Two_spotted_spider_mite\9a2d269c-c16c-4912-9dc6-68cb066d469b___Com.G_SpM_FL 9464.JPG,Tomato_Spider_mites_Two_spotted_spider_mite,256,256,RGB,13.7939453125,10,11,Tomato__Target_Spot,0.79019475
PlantVillage\Tomato__Target_Spot\c4fdb176-7426-4556-9292-0f8ffe036d41___Com.G_TgS_FL 9892.JPG,Tomato__Target_Spot,256,256,RGB,17.0185546875,11,10,Tomato_Spider_mites_Two_spotted_spider_mite,0.7775839
PlantVillage\Tomato_Late_blight\7d8cbbfc-89e2-4fe5-9624-89b353d78832___RS_Late.B 5176.JPG,Tomato_Late_blight,256,256,RGB,13.806640625,7,3,Potato___Late_blight,0.77394986
PlantVillage\Tomato__Tomato_YellowLeaf__Curl_Virus\1fab93a9-7b17-483d-9b6e-02a166cbfc36___UF.GRC_YLCV_Lab 08442.JPG,Tomato__Tomato_YellowLeaf__Curl_Virus,256,256,RGB,9.92578125,12,5,Tomato_Bacterial_spot,0.7558644
PlantVillage\Tomato__Target_Spot\7987a98f-192b-48b3-8614-e313b0e41749___Com.G_TgS_FL 8207.JPG,Tomato__Target_Spot,256,256,RGB,21.1630859375,11,10,Tomato_Spider_mites_Two_spotted_spider_mite,0.75484985
PlantVillage\Tomato__Tomato_YellowLeaf__Curl_Virus\5fbeb2d7-857c-4983-9f70-925451dc3a57___UF.GRC_YLCV_Lab 08443.JPG,Tomato__Tomato_YellowLeaf__Curl_Virus,256,256,RGB,9.1396484375,12,5,Tomato_Bacterial_spot,0.7512254
PlantVillage\Potato___Late_blight\d385010f-53c1-4e7d-9fd3-50f0c98dc245___RS_LB 3865.JPG,Potato___Late_blight,256,256,RGB,15.4765625,3,4,Potato___healthy,0.7486095
PlantVillage\Tomato_Leaf_Mold\619f232e-e49b-4ec8-bb48-552632b2c660___Crnl_L.Mold 9050.JPG,Tomato_Leaf_Mold,256,256,RGB,12.7216796875,8,7,Tomato_Late_blight,0.70921504
PlantVillage\Tomato__Tomato_YellowLeaf__Curl_Virus\842e00fa-5cca-46af-80d7-6f0f08cee412___UF.GRC_YLCV_Lab 08557.JPG,Tomato__Tomato_YellowLeaf__Curl_Virus,256,256,RGB,8.095703125,12,5,Tomato_Bacterial_spot,0.70129937
PlantVillage\Potato___Late_blight\ea06da1e-81c9-4e2e-8266-1f3d56914ff3___RS_LB 2701.JPG,Potato___Late_blight,256,256,RGB,15.640625,3,4,Potato___healthy,0.677457
PlantVillage\Tomato_Septoria_leaf_spot\c1fdb307-b716-4638-93c6-ebf8185c5414___JR_Sept.L.S 2508.JPG,Tomato_Septoria_leaf_spot,256,256,RGB,15.3837890625,9,6,Tomato_Early_blight,0.66731083
PlantVillage\Tomato_Late_blight\93cfbf22-96aa-4d97-ae92-9117209d23c0___RS_Late.B 6192.JPG,Tomato_Late_blight,256,256,RGB,16.7900390625,7,3,Potato___Late_blight,0.667295
PlantVillage\Tomato_Late_blight\bb487e34-b328-40b9-a33f-592701216063___RS_Late.B 5175.JPG,Tomato_Late_blight,256,256,RGB,13.97265625,7,3,Potato___Late_blight,0.6639341
PlantVillage\Tomato_Early_blight\32e59188-5c46-4369-8991-5acfa253263b___RS_Erly.B 7781.JPG,Tomato_Early_blight,256,256,RGB,19.30859375,6,10,Tomato_Spider_mites_Two_spotted_spider_mite,0.6605315
PlantVillage\Tomato_Late_blight\455a88bf-102d-4eeb-bea9-f0e648a3ad31___RS_Late.B 6903.JPG,Tomato_Late_blight,256,256,RGB,16.232421875,7,3,Potato___Late_blight,0.653191
PlantVillage\Tomato__Target_Spot\1c051bf2-9fb9-4d1f-b5c3-d813c0278aca___Com.G_TgS_FL 9683.JPG,Tomato__Target_Spot,256,256,RGB,18.9794921875,11,10,Tomato_Spider_mites_Two_spotted_spider_mite,0.65131307
PlantVillage\Tomato_Septoria_leaf_spot\d62872c2-d511-415e-aaf8-a18e0d8c6834___JR_Sept.L.S 2717.JPG,Tomato_Septoria_leaf_spot,256,256,RGB,18.6904296875,9,11,Tomato__Target_Spot,0.641591
PlantVillage\Tomato__Tomato_YellowLeaf__Curl_Virus\647f3b78-b78a-40a6-acd4-ac15933ed875___UF.GRC_YLCV_Lab 08448.JPG,Tomato__Tomato_YellowLeaf__Curl_Virus,256,256,RGB,8.62109375,12,5,Tomato_Bacterial_spot,0.63724494
PlantVillage\Tomato_Septoria_leaf_spot\6fa4e32f-6cf3-48d7-9adb-b0282f3da27b___Matt.S_CG 7460.JPG,Tomato_Septoria_leaf_spot,256,256,RGB,20.41015625,9,14,Tomato_healthy,0.6146573
PlantVillage\Tomato__Target_Spot\3217392a-7b5c-456e-980a-f89aab458a15___Com.G_TgS_FL 8327.JPG,Tomato__Target_Spot,256,256,RGB,21.66015625,11,13,Tomato__Tomato_mosaic_virus,0.6025804
PlantVillage\Tomato_Spider_mites_Two_spotted_spider_mite\3893e563-9bd6-4df6-a8e5-1488a680bb8b___Com.G_SpM_FL 1572.JPG,Tomato_Spider_mites_Two_spotted_spider_mite,256,256,RGB,18.916015625,10,11,Tomato__Target_Spot,0.59048367
PlantVillage\Tomato__Tomato_YellowLeaf__Curl_Virus\286116e9-d8d7-4b2d-b0c8-1323638d25be___UF.GRC_YLCV_Lab 08588.JPG,Tomato__Tomato_YellowLeaf__Curl_Virus,256,256,RGB,7.3427734375,12,5,Tomato_Bacterial_spot,0.5896944
PlantVillage\Tomato_Early_blight\c35fc6de-4796-4f7a-a350-7bff160cbbd5___RS_Erly.B 7740.JPG,Tomato_Early_blight,256,256,RGB,16.1171875,6,3,Potato___Late_blight,0.5793484
PlantVillage\Tomato_Leaf_Mold\8a42ec48-5c5e-4468-8d61-2f24b42a9c5a___Crnl_L.Mold 6496.JPG,Tomato_Leaf_Mold,256,256,RGB,19.6845703125,8,10,Tomato_Spider_mites_Two_spotted_spider_mite,0.5753551
PlantVillage\Tomato_Spider_mites_Two_spotted_spider_mite\1e06dafa-f977-4354-992e-3271f34a2344___Com.G_SpM_FL 9601.JPG,Tomato_Spider_mites_Two_spotted_spider_mite,256,256,RGB,17.275390625,10,11,Tomato__Target_Spot,0.5696785
PlantVillage\Tomato__Target_Spot\1e5f36a1-69fd-4256-be5d-ae451546b94c___Com.G_TgS_FL 8094.JPG,Tomato__Target_Spot,256,256,RGB,21.26953125,11,10,Tomato_Spider_mites_Two_spotted_spider_mite,0.56448406
PlantVillage\Tomato_Spider_mites_Two_spotted_spider_mite\8c1aeb64-c6e2-4d36-a664-1c28411edfa1___Com.G_SpM_FL 9394.JPG,Tomato_Spider_mites_Two_spotted_spider_mite,256,256,RGB,18.2294921875,10,11,Tomato__Target_Spot,0.5602693
PlantVillage\Tomato_Septoria_leaf_spot\9580a3c7-f614-4f5c-b660-8b9525865917___Keller.St_CG 1858.JPG,Tomato_Septoria_leaf_spot,256,256,RGB,15.7587890625,9,13,Tomato__Tomato_mosaic_virus,0.55591035
PlantVillage\Tomato_Late_blight\4a5a39d1-e05e-4ec2-acf7-3987cd04a71e___RS_Late.B 6547.JPG,Tomato_Late_blight,256,256,RGB,13.2666015625,7,3,Potato___Late_blight,0.54761255
PlantVillage\Tomato_Spider_mites_Two_spotted_spider_mite\779193cc-e88e-45e4-8f77-4b922d2f487d___Com.G_SpM_FL 9547.JPG,Tomato_Spider_mites_Two_spotted_spider_mite,256,256,RGB,17.8681640625,10,11,Tomato__Target_Spot,0.54752934
PlantVillage\Tomato_healthy\3247a6d7-a473-414f-af51-2d8de917ee82___RS_HL 9622.JPG,Tomato_healthy,256,256,RGB,21.8583984375,14,10,Tomato_Spider_mites_Two_spotted_spider_mite,0.5451595
PlantVillage\Tomato_Late_blight\3fcbbb8e-c7dc-4921-b8b6-bc118b877a82___RS_Late.B 5059.JPG,Tomato_Late_blight,256,256,RGB,15.3095703125,7,3,Potato___Late_blight,0.5436129
PlantVillage\Tomato__Tomato_YellowLeaf__Curl_Virus\4501c229-ae5f-465e-b042-50825a7e640c___UF.GRC_YLCV_Lab 08507.JPG,Tomato__Tomato_YellowLeaf__Curl_Virus,256,256,RGB,8.291015625,12,5,Tomato_Bacterial_spot,0.5428897
PlantVillage\Tomato__Target_Spot\b4631e7a-13d0-458a-bd08-6a6e38f66780___Com.G_TgS_FL 9913.JPG,Tomato__Target_Spot,256,256,RGB,16.2158203125,11,10,Tomato_Spider_mites_Two_spotted_spider_mite,0.5415932
PlantVillage\Potato___Early_blight\c3bf3f15-b1ae-4e36-97a4-f341879db6ae___RS_Early.B 8263.JPG,Potato___Early_blight,256,256,RGB,21.564453125,2,3,Potato___Late_blight,0.54029775
PlantVillage\Tomato_Septoria_leaf_spot\17c253ff-3f0e-4fb3-8ced-00b6ec6dc731___JR_Sept.L.S 2546.JPG,Tomato_Septoria_leaf_spot,256,256,RGB,18.1962890625,9,6,Tomato_Early_blight,0.53729594
PlantVillage\Tomato__Target_Spot\84f8fd9a-fb45-4322-8ee3-17e42be6b0e0___Com.G_TgS_FL 9773.JPG,Tomato__Target_Spot,256,256,RGB,18.8173828125,11,10,Tomato_Spider_mites_Two_spotted_spider_mite,0.5297586
PlantVillage\Tomato_Septoria_leaf_spot\9f838c75-cb02-4a79-bd8a-30a3fcac5526___JR_Sept.L.S 2462.JPG,Tomato_Septoria_leaf_spot,256,256,RGB,14.2666015625,9,6,Tomato_Early_blight,0.5288764
PlantVillage\Potato___Early_blight\d036af36-99a4-4b25-aa40-2477883e73cf___RS_Early.B 8269.JPG,Potato___Early_blight,256,256,RGB,19.97265625,2,3,Potato___Late_blight,0.5237196
PlantVillage\Tomato_Spider_mites_Two_spotted_spider_mite\bdd3d14d-1153-4bc0-9ccd-9e484a75c6a5___Com.G_SpM_FL 1715.JPG,Tomato_Spider_mites_Two_spotted_spider_mite,256,256,RGB,19.91796875,10,11,Tomato__Target_Spot,0.51169276
PlantVillage\Tomato_Septoria_leaf_spot\b89c2f63-53ee-4454-87b0-013f0974e8c3___Matt.S_CG 6605.JPG,Tomato_Septoria_leaf_spot,256,256,RGB,15.607421875,9,11,Tomato__Target_Spot,0.5080646
PlantVillage\Tomato__Target_Spot\af120bd7-a1ad-44e4-bfc5-ddd53f1ef792___Com.G_TgS_FL 8240.JPG,Tomato__Target_Spot,256,256,RGB,21.6005859375,11,10,Tomato_Spider_mites_Two_spotted_spider_mite,0.5049898
PlantVillage\Potato___Early_blight\8c1f94fb-d8e0-4607-a967-b71408dfd1ab___RS_Early.B 8723.JPG,Potato___Early_blight,256,256,RGB,14.955078125,2,3,Potato___Late_blight,0.49860218
PlantVillage\Tomato__Target_Spot\21aa9ddb-0051-41c7-b1e3-316c20c64483___Com.G_TgS_FL 8151.JPG,Tomato__Target_Spot,256,256,RGB,19.4306640625,11,10,Tomato_Spider_mites_Two_spotted_spider_mite,0.49333924
PlantVillage\Tomato_Early_blight\f7beb64a-f8be-46d8-b4ea-637fb71e7509___RS_Erly.B 7711.JPG,Tomato_Early_blight,256,256,RGB,18.5185546875,6,11,Tomato__Target_Spot,0.48989046
PlantVillage\Tomato__Target_Spot\e752f821-9c22-4ec5-992a-088fa1c8352c___Com.G_TgS_FL 9902.JPG,Tomato__Target_Spot,256,256,RGB,19.9423828125,11,10,Tomato_Spider_mites_Two_spotted_spider_mite,0.48848554
PlantVillage\Tomato_Bacterial_spot\a114e770-fcce-48a2-8ffc-a665fae9e7f9___UF.GRC_BS_Lab Leaf 0977.JPG,Tomato_Bacterial_spot,256,256,RGB,12.6513671875,5,9,Tomato_Septoria_leaf_spot,0.48647383
PlantVillage\Tomato__Tomato_YellowLeaf__Curl_Virus\51d5bb0f-8603-4e31-8cfa-20f8c5cf0b45___UF.GRC_YLCV_Lab 08457.JPG,Tomato__Tomato_YellowLeaf__Curl_Virus,256,256,RGB,7.640625,12,5,Tomato_Bacterial_spot,0.48391083
PlantVillage\Potato___Late_blight\296e6201-4b46-4449-9edb-c7659d36cf92___RS_LB 4052.JPG,Potato___Late_blight,256,256,RGB,14.9814453125,3,4,Potato___healthy,0.48361874
PlantVillage\Tomato__Tomato_YellowLeaf__Curl_Virus\50c3799c-1ee9-4c5f-ba71-0b7cc82a9b9f___YLCV_GCREC 2050.JPG,Tomato__Tomato_YellowLeaf__Curl_Virus,256,256,RGB,11.5576171875,12,8,Tomato_Leaf_Mold,0.47544506
PlantVillage\Tomato_Septoria_leaf_spot\7d5b8ab6-0280-4b43-9748-21d803810857___JR_Sept.L.S 2560.JPG,Tomato_Septoria_leaf_spot,256,256,RGB,17.3076171875,9,6,Tomato_Early_blight,0.4737154
PlantVillage\Tomato_Septoria_leaf_spot\a74f9277-a6c1-49da-81a6-bfd49db22df2___Matt.S_CG 6494.JPG,Tomato_Septoria_leaf_spot,256,256,RGB,12.6455078125,9,5,Tomato_Bacterial_spot,0.47352034
PlantVillage\Tomato_Early_blight\d1668361-aac6-41e3-b729-c5e5092326c1___RS_Erly.B 7562.JPG,Tomato_Early_blight,256,256,RGB,11.7119140625,6,5,Tomato_Bacterial_spot,0.4709523
PlantVillage\Tomato__Tomato_YellowLeaf__Curl_Virus\3b865826-62da-496c-bb9b-5f9c88a0c2d8___UF.GRC_YLCV_Lab 08501.JPG,Tomato__Tomato_YellowLeaf__Curl_Virus,256,256,RGB,7.7744140625,12,5,Tomato_Bacterial_spot,0.4598173
PlantVillage\Tomato_Early_blight\fe46f781-a40c-4c73-9e2c-50872f1ab370___RS_Erly.B 8348.JPG,Tomato_Early_blight,256,256,RGB,16.6875,6,2,Potato___Early_blight,0.4590076
PlantVillage\Tomato__Target_Spot\1a519d98-24e1-48bc-af8b-1e9c6ede95e8___Com.G_TgS_FL 9678.JPG,Tomato__Target_Spot,256,256,RGB,18.7958984375,11,10,Tomato_Spider_mites_Two_spotted_spider_mite,0.4588913
PlantVillage\Tomato_Late_blight\3152f2ab-94e6-4e06-8fb9-568c45d31b0b___RS_Late.B 6175.JPG,Tomato_Late_blight,256,256,RGB,19.498046875,7,3,Potato___Late_blight,0.44828364
PlantVillage\Tomato__Target_Spot\8fe7c34f-567b-444b-9cfa-70a1c797bd47___Com.G_TgS_FL 9917.JPG,Tomato__Target_Spot,256,256,RGB,10.822265625,11,10,Tomato_Spider_mites_Two_spotted_spider_mite,0.44627148
PlantVillage\Tomato_healthy\0e1d7722-3df9-4a3a-a4e2-bc0ea3ce0da4___RS_HL 9979.JPG,Tomato_healthy,256,256,RGB,23.1220703125,14,11,Tomato__Target_Spot,0.4459323
PlantVillage\Tomato_Septoria_leaf_spot\95fb80ea-97dd-4d8a-b2d4-16a3ec3d5da6___JR_Sept.L.S 2692.JPG,Tomato_Septoria_leaf_spot,256,256,RGB,20.4248046875,9,11,Tomato__Target_Spot,0.44271293
PlantVillage\Tomato_Late_blight\435f78a8-70a8-4df9-b227-c6230301a17e___RS_Late.B 6672.JPG,Tomato_Late_blight,256,256,RGB,18.962890625,7,3,Potato___Late_blight,0.43515435
PlantVillage\Tomato_Spider_mites_Two_spotted_spider_mite\174d0b38-319e-465d-bdaa-4e32693d0e91___Com.G_SpM_FL 1221.JPG,Tomato_Spider_mites_Two_spotted_spider_mite,256,256,RGB,21.705078125,10,14,Tomato_healthy,0.4339878
PlantVillage\Tomato_Spider_mites_Two_spotted_spider_mite\0b17e71c-fee6-4b5e-9a7d-8ba44d29215f___Com.G_SpM_FL 8549.JPG,Tomato_Spider_mites_Two_spotted_spider_mite,256,256,RGB,19.341796875,10,11,Tomato__Target_Spot,0.43266746
PlantVillage\Tomato_Septoria_leaf_spot\0d8187e2-00e2-40e7-b1a5-c94db561057c___JR_Sept.L.S 8439.JPG,Tomato_Septoria_leaf_spot,256,256,RGB,18.5146484375,9,13,Tomato__Tomato_mosaic_virus,0.43099433
PlantVillage\Tomato_Late_blight\92508617-1037-4d3f-b2c2-c9f0c15c3263___RS_Late.B 5286.JPG,Tomato_Late_blight,256,256,RGB,14.2138671875,7,3,Potato___Late_blight,0.42739204
PlantVillage\Tomato__Tomato_YellowLeaf__Curl_Virus\508c5c7c-8f90-4703-b9a2-3a109acfae83___UF.GRC_YLCV_Lab 08512.JPG,Tomato__Tomato_YellowLeaf__Curl_Virus,256,256,RGB,7.84765625,12,5,Tomato_Bacterial_spot,0.42664787
PlantVillage\Tomato_Early_blight\3a2f31aa-b3e1-45a0-b0e6-2ffe3a2538b2___RS_Erly.B 9393.JPG,Tomato_Early_blight,256,256,RGB,17.0078125,6,3,Potato___Late_blight,0.42251715
PlantVillage\Tomato__Tomato_YellowLeaf__Curl_Virus\8801c27c-b8f6-4434-8aec-99198a81b8ba___YLCV_GCREC 2717.JPG,Tomato__Tomato_YellowLeaf__Curl_Virus,256,256,RGB,13.7333984375,12,5,Tomato_Bacterial_spot,0.41140503
PlantVillage\Tomato__Target_Spot\7e65af9a-c384-4674-a069-d4df8cd2c85e___Com.G_TgS_FL 1117.JPG,Tomato__Target_Spot,256,256,RGB,21.9541015625,11,10,Tomato_Spider_mites_Two_spotted_spider_mite,0.40243042
PlantVillage\Tomato_Leaf_Mold\f61fcad0-2f24-461e-9dc7-4908d950f397___Crnl_L.Mold 8860.JPG,Tomato_Leaf_Mold,256,256,RGB,16.8701171875,8,7,Tomato_Late_blight,0.39927766
PlantVillage\Tomato_Early_blight\4cbe4896-66b5-4834-8eb7-5baf49ed2f7d___RS_Erly.B 8354.JPG,Tomato_Early_blight,256,256,RGB,16.53515625,6,8,Tomato_Leaf_Mold,0.39866573
PlantVillage\Tomato_Leaf_Mold\1fa78650-4f81-4c8f-9190-91f1057d1158___Crnl_L.Mold 9083.JPG,Tomato_Leaf_Mold,256,256,RGB,18.3798828125,8,7,Tomato_Late_blight,0.3962168
PlantVillage\Tomato_Spider_mites_Two_spotted_spider_mite\85013fcf-15cc-4365-8536-735de6d9be7b___Com.G_SpM_FL 1576.JPG,Tomato_Spider_mites_Two_spotted_spider_mite,256,256,RGB,21.2353515625,10,11,Tomato__Target_Spot,0.39445275
PlantVillage\Tomato_Spider_mites_Two_spotted_spider_mite\ef3fd109-228e-4e7b-8b22-277e41a79335___Com.G_SpM_FL 9542.JPG,Tomato_Spider_mites_Two_spotted_spider_mite,256,256,RGB,20.03515625,10,9,Tomato_Septoria_leaf_spot,0.38676634
PlantVillage\Tomato_Spider_mites_Two_spotted_spider_mite\a3e550eb-e6e8-4ec5-a2c3-9e7f34fb6292___Com.G_SpM_FL 8540.JPG,Tomato_Spider_mites_Two_spotted_spider_mite,256,256,RGB,13.2587890625,10,6,Tomato_Early_blight,0.38286245
PlantVillage\Tomato__Target_Spot\ad49cc13-6cea-41cf-a3c1-2a5c55db56dd___Com.G_TgS_FL 9893.JPG,Tomato__Target_Spot,256,256,RGB,18.4169921875,11,10,Tomato_Spider_mites_Two_spotted_spider_mite,0.37917587
PlantVillage\Tomato_Spider_mites_Two_spotted_spider_mite\4c9e9795-8252-4c13-84e8-1dd5564f6517___Com.G_SpM_FL 8828.JPG,Tomato_Spider_mites_Two_spotted_spider_mite,256,256,RGB,19.962890625,10,11,Tomato__Target_Spot,0.37904105
PlantVillage\Tomato_Early_blight\2179421c-3ce3-4581-8b65-17da6fffd3db___RS_Erly.B 7730.JPG,Tomato_Early_blight,256,256,RGB,23.0166015625,6,11,Tomato__Target_Spot,0.37412086
PlantVillage\Potato___Late_blight\7050bb1d-af0d-47c4-8f35-23b9561b8024___RS_LB 3313.JPG,Potato___Late_blight,256,256,RGB,17.466796875,3,11,Tomato__Target_Spot,0.3703218
PlantVillage\Tomato_Leaf_Mold\bc374eed-3802-4ffe-9339-47e04a74a648___Crnl_L.Mold 9181.JPG,Tomato_Leaf_Mold,256,256,RGB,11.3369140625,8,11,Tomato__Target_Spot,0.35468674
PlantVillage\Tomato__Tomato_YellowLeaf__Curl_Virus\753d6a80-8356-49ba-a90e-80062d4218c5___UF.GRC_YLCV_Lab 08541.JPG,Tomato__Tomato_YellowLeaf__Curl_Virus,256,256,RGB,8.8544921875,12,5,Tomato_Bacterial_spot,0.3538185
PlantVillage\Tomato__Target_Spot\13eec704-81e1-46ff-b316-f9271fc39d3b___Com.G_TgS_FL 1114.JPG,Tomato__Target_Spot,256,256,RGB,22.1953125,11,14,Tomato_healthy,0.34868205
PlantVillage\Tomato_healthy\50653809-a548-4b7e-898d-6e3dac85ac8d___RS_HL 9855.JPG,Tomato_healthy,256,256,RGB,23.01953125,14,10,Tomato_Spider_mites_Two_spotted_spider_mite,0.34752738
PlantVillage\Tomato_Bacterial_spot\f2f180d1-45fb-46b6-b528-63a7f87dd78a___GCREC_Bact.Sp 5911.JPG,Tomato_Bacterial_spot,256,256,RGB,13.5771484375,5,10,Tomato_Spider_mites_Two_spotted_spider_mite,0.34689575
PlantVillage\Tomato_Early_blight\22faea13-4b3e-4d87-b80c-379755a7b747___RS_Erly.B 7852.JPG,Tomato_Early_blight,256,256,RGB,17.4248046875,6,8,Tomato_Leaf_Mold,0.34512904
PlantVillage\Tomato_Septoria_leaf_spot\e99b6e56-c1b9-42e0-94a8-8a2f0442a1fe___Matt.S_CG 0671.JPG,Tomato_Septoria_leaf_spot,256,256,RGB,13.689453125,9,12,Tomato__Tomato_YellowLeaf__Curl_Virus,0.3437221
PlantVillage\Tomato_Early_blight\1bdb9ab4-1a7a-449a-b848-c446d7615d42___RS_Erly.B 8443.JPG,Tomato_Early_blight,256,256,RGB,16.837890625,6,11,Tomato__Target_Spot,0.34276122
PlantVillage\Tomato_Spider_mites_Two_spotted_spider_mite\cf840e2d-8847-44e4-9589-540aefa69895___Com.G_SpM_FL 8544.JPG,Tomato_Spider_mites_Two_spotted_spider_mite,256,256,RGB,15.029296875,10,13,Tomato__Tomato_mosaic_virus,0.34238568
PlantVillage\Tomato_Early_blight\2586a260-ecf6-40e8-aa11-4b8a50845575___RS_Erly.B 7833.JPG,Tomato_Early_blight,256,256,RGB,20.3828125,6,13,Tomato__Tomato_mosaic_virus,0.32059106
PlantVillage\Tomato_Leaf_Mold\edf50862-c5ce-406d-a3f1-f228bd358ca3___Crnl_L.Mold 7038.JPG,Tomato_Leaf_Mold,256,256,RGB,8.6865234375,8,7,Tomato_Late_blight,0.31083262
PlantVillage\Tomato__Tomato_YellowLeaf__Curl_Virus\35515968-5714-4c60-ac4d-c3e74500012a___UF.GRC_YLCV_Lab 08532.JPG,Tomato__Tomato_YellowLeaf__Curl_Virus,256,256,RGB,8.8671875,12,5,Tomato_Bacterial_spot,0.310241
PlantVillage\Tomato_Early_blight\5870b25f-914c-4dae-aaf5-88d48cb90803___RS_Erly.B 7774.JPG,Tomato_Early_blight,256,256,RGB,21.8056640625,6,9,Tomato_Septoria_leaf_spot,0.30933034
PlantVillage\Tomato_Early_blight\8b7b2dbe-cb3d-4ab1-a487-7c7d5553b796___RS_Erly.B 7448.JPG,Tomato_Early_blight,256,256,RGB,15.1865234375,6,11,Tomato__Target_Spot,0.30020028
PlantVillage\Tomato_Early_blight\cf3cffb2-f822-402d-90b9-d1df870c13f3___RS_Erly.B 7741.JPG,Tomato_Early_blight,256,256,RGB,17.0048828125,6,3,Potato___Late_blight,0.2987598
PlantVillage\Tomato_Early_blight\29645def-a571-4442-8f95-d7ebf71befde___RS_Erly.B 7751.JPG,Tomato_Early_blight,256,256,RGB,19.771484375,6,0,Pepper__bell___Bacterial_spot,0.2983704
PlantVillage\Tomato_Early_blight\6f8ac19d-d97f-47ee-8ad4-bb53ab7984a0___RS_Erly.B 7786.JPG,Tomato_Early_blight,256,256,RGB,19.8544921875,6,9,Tomato_Septoria_leaf_spot,0.2860453
PlantVillage\Tomato__Target_Spot\5e792d39-4b82-4ac1-8b2e-4fa124cb2605___Com.G_TgS_FL 9986.JPG,Tomato__Target_Spot,256,256,RGB,19.5078125,11,10,Tomato_Spider_mites_Two_spotted_spider_mite,0.2812181
PlantVillage\Tomato_Early_blight\1e08cf06-c20b-47bc-8773-a22cc730aa04___RS_Erly.B 8228.JPG,Tomato_Early_blight,256,256,RGB,15.8857421875,6,7,Tomato_Late_blight,0.26746505
PlantVillage\Tomato_Early_blight\5f96c793-8015-458b-b3fe-7e718b673b1b___RS_Erly.B 7813.JPG,Tomato_Early_blight,256,256,RGB,17.6611328125,6,8,Tomato_Leaf_Mold,0.2661689
PlantVillage\Tomato_Leaf_Mold\8fcfbfee-f57a-49f7-9f68-19b4b1d5ca98___Crnl_L.Mold 6498.JPG,Tomato_Leaf_Mold,256,256,RGB,21.0625,8,10,Tomato_Spider_mites_Two_spotted_spider_mite,0.26480117
PlantVillage\Tomato__Target_Spot\093309e9-6802-4e67-9d9c-b944aff0f743___Com.G_TgS_FL 9732.JPG,Tomato__Target_Spot,256,256,RGB,18.9697265625,11,9,Tomato_Septoria_leaf_spot,0.2637877
PlantVillage\Tomato_Late_blight\e03114a0-8053-460a-b653-eef873b1c531___RS_Late.B 5532.JPG,Tomato_Late_blight,256,256,RGB,15.5107421875,7,8,Tomato_Leaf_Mold,0.25896293
PlantVillage\Tomato__Target_Spot\90f8a11f-04f3-4d4d-a6c0-9b75e69ae66f___Com.G_TgS_FL 8048.JPG,Tomato__Target_Spot,256,256,RGB,20.7509765625,11,9,Tomato_Septoria_leaf_spot,0.25221515
PlantVillage\Tomato__Tomato_YellowLeaf__Curl_Virus\6d391c92-65ca-4c4b-bebe-074b4132e0df___UF.GRC_YLCV_Lab 08521.JPG,Tomato__Tomato_YellowLeaf__Curl_Virus,256,256,RGB,6.326171875,12,8,Tomato_Leaf_Mold,0.24592702
PlantVillage\Tomato_Septoria_leaf_spot\9e2cb710-5520-47b7-a32f-e50d566c8637___Matt.S_CG 2860.JPG,Tomato_Septoria_leaf_spot,256,256,RGB,17.7109375,9,3,Potato___Late_blight,0.24464999
PlantVillage\Tomato_Late_blight\d75573fb-2bd8-43fa-9af5-3f219e35142f___RS_Late.B 5070.JPG,Tomato_Late_blight,256,256,RGB,15.6025390625,7,11,Tomato__Target_Spot,0.24002607
PlantVillage\Tomato_Early_blight\b58d7a66-097f-4167-abae-92f865407d90___RS_Erly.B 7845.JPG,Tomato_Early_blight,256,256,RGB,24.0537109375,6,14,Tomato_healthy,0.23710173
PlantVillage\Tomato_Late_blight\942e670b-9e1b-4c27-a2d7-287ad07fd986___RS_Late.B 4977.JPG,Tomato_Late_blight,256,256,RGB,17.490234375,7,8,Tomato_Leaf_Mold,0.22991385
PlantVillage\Tomato_Early_blight\f4d4fe0b-d711-4a2c-b331-213787eda9b0___RS_Erly.B 6665.JPG,Tomato_Early_blight,256,256,RGB,16.787109375,6,0,Pepper__bell___Bacterial_spot,0.22871973
PlantVillage\Tomato_Septoria_leaf_spot\3ff747b1-7cec-42e2-a938-9af10afeab8c___Matt.S_CG 1285.JPG,Tomato_Septoria_leaf_spot,256,256,RGB,12.4423828125,9,5,Tomato_Bacterial_spot,0.22097303
PlantVillage\Tomato_Early_blight\d5bddab9-06bd-488f-a844-97bd75c6b061___RS_Erly.B 6662.JPG,Tomato_Early_blight,256,256,RGB,18.578125,6,14,Tomato_healthy,0.21132647
PlantVillage\Tomato_Septoria_leaf_spot\b70775c5-59bc-4204-af05-a420ef373667___JR_Sept.L.S 2693.JPG,Tomato_Septoria_leaf_spot,256,256,RGB,17.375,9,10,Tomato_Spider_mites_Two_spotted_spider_mite,0.20982902
PlantVillage\Tomato_healthy\7de93009-6180-4027-8779-76947cda3e2f___2700323949_95aa2eaa01_o.jpg,Tomato_healthy,256,256,RGB,9.859375,14,7,Tomato_Late_blight,0.1654207
